StartDate,EndDate,Status,IPAddress,Progress,Duration (in seconds),Finished,RecordedDate,ResponseId,RecipientLastName,RecipientFirstName,RecipientEmail,ExternalReference,LocationLatitude,LocationLongitude,DistributionChannel,UserLanguage,Q31,Prolific_ID,FI_Time_First Click,FI_Time_Last Click,FI_Time_Page Submit,FI_Time_Click Count,B1_wind_1,B1_flood_1,Appraisal1_1,Decision,SI_Time_First Click,SI_Time_Last Click,SI_Time_Page Submit,SI_Time_Click Count,Appraisal2_evac_4,Appraisal2_stay_1,B2_wind_1,B2_flood_1,age,gender,zipcode,prior_experience,MTurkCode,PROLIFIC_PID,QCity_zipcode,QState_zipcode,DeviceIdentifier
Start Date,End Date,Response Type,IP Address,Progress,Duration (in seconds),Finished,Recorded Date,Response ID,Recipient Last Name,Recipient First Name,Recipient Email,External Data Reference,Location Latitude,Location Longitude,Distribution Channel,User Language,"Consent Form: 

 

We are conducting an academic survey designed to study how people make a decision in the event of a storm. You will be asked about various needs and concerns you might have as well as where you get your information about a hurricane and how you perceive your information. 

You will:
Read through an unsigned informed consent form. Complete a questionnaire and demographic information. Receive a code to get paid.

Informed Consent to Participate in a Research Study (NU IRB# 17-09-16)

We are inviting you to take part in a research study. This form will tell you about the study. You can choose to participate or not, you can also discontinue at any time.

Why is this research study being done? The purpose of this research is to develop a model of hurricane evacuation decision-making.

What will I be asked to do? Anonymously fill out one questionnaire and demographic information.

Where will this take place and how much of my time will it take? The study will take place in front of your computer and it should take around 4 minutes.

Will there be any risk or discomfort to me? There are no foreseeable risks or discomforts to you for taking part in this study.

Who will see the information about me? All the collected data will be anonymous, no identifiers are collected. This means no one, including the researcher, will know what your answers are. Any reports or publications based on this research will use only group data and will not identify you or any individual as being part of this project. Your data are also stored on Mechanical Turk's servers, and the data there are subject to the Amazon Mechanical Turk Privacy Notice and Participant Agreement. If you have any questions regarding electronic privacy, please feel free to contact Northeastern University's director of information security at privacy@neu.edu. 

Can I stop my participation in this study? The decision to participate in this study is up to you. You do not have to participate and even if you begin the study, you may withdraw at any time. But if you choose to stop, you will not receive remuneration.

Who can I contact if I have questions or problems? If you have any questions about this study, please feel free to contact Nutchanon Yongsatianchot at nutjung.nutlc@gmail.com.

Who can I contact about my rights as a participant? If you have any questions about your rights in this research, you may contact Nan C. Regina, Director, Human Subject Research Protection, 360 Huntington Ave, Mail Stop 560-177, Northeastern University, Boston, MA 02115. Tel: 617-373-4788, Email: n.regina@neu.edu. You may call anonymously if you wish.

Will I be paid for my participation? You will receive $0.64 for the completion of the survey.

Will it cost me anything to participate? No cost is to be anticipated for your participation in this study.

Is there anything else I need to know? You must be at least 18 years old to participate and you must be a native or proficient English speaker.",Please enter your Prolific ID:,Timing - First Click,Timing - Last Click,Timing - Page Submit,Timing - Click Count,Maximum sustained wind speed (mph): - Wind speed (mph),Flood depth (inch): - Flood depth (inch),How would you feel about the hurricane situation? - Distress,"In this situation, what would you do?",Timing - First Click,Timing - Last Click,Timing - Page Submit,Timing - Click Count,"As you have evacuated and won’t be able to return home until the hurricane is gone, how do you feel about the current hurricane situation? - Distress","As you have decided to stay in your apartment on the third floor and won’t be able to evacuate now, how do you feel about the current hurricane situation? - Distress",Maximum sustained wind speed (mph): - Wind speed (mph),Flood depth (inch): - Flood depth (inch),How old are you?,What is your gender?,Your zip code:,Have you experienced a hurricane before?,MTurkCode,PROLIFIC_PID,QCity_zipcode,QState_zipcode,DeviceIdentifier
"{""ImportId"":""startDate"",""timeZone"":""America/Denver""}","{""ImportId"":""endDate"",""timeZone"":""America/Denver""}","{""ImportId"":""status""}","{""ImportId"":""ipAddress""}","{""ImportId"":""progress""}","{""ImportId"":""duration""}","{""ImportId"":""finished""}","{""ImportId"":""recordedDate"",""timeZone"":""America/Denver""}","{""ImportId"":""_recordId""}","{""ImportId"":""recipientLastName""}","{""ImportId"":""recipientFirstName""}","{""ImportId"":""recipientEmail""}","{""ImportId"":""externalDataReference""}","{""ImportId"":""locationLatitude""}","{""ImportId"":""locationLongitude""}","{""ImportId"":""distributionChannel""}","{""ImportId"":""userLanguage""}","{""ImportId"":""QID628""}","{""ImportId"":""QID630_TEXT""}","{""ImportId"":""QID619_FIRST_CLICK""}","{""ImportId"":""QID619_LAST_CLICK""}","{""ImportId"":""QID619_PAGE_SUBMIT""}","{""ImportId"":""QID619_CLICK_COUNT""}","{""ImportId"":""QID623_1""}","{""ImportId"":""QID600_1""}","{""ImportId"":""QID631_1""}","{""ImportId"":""QID633""}","{""ImportId"":""QID622_FIRST_CLICK""}","{""ImportId"":""QID622_LAST_CLICK""}","{""ImportId"":""QID622_PAGE_SUBMIT""}","{""ImportId"":""QID622_CLICK_COUNT""}","{""ImportId"":""QID634_4""}","{""ImportId"":""QID635_1""}","{""ImportId"":""QID624_1""}","{""ImportId"":""QID605_1""}","{""ImportId"":""QID591_TEXT""}","{""ImportId"":""QID627""}","{""ImportId"":""QID592_TEXT""}","{""ImportId"":""QID593""}","{""ImportId"":""MTurkCode""}","{""ImportId"":""PROLIFIC_PID""}","{""ImportId"":""QCity_zipcode""}","{""ImportId"":""QState_zipcode""}","{""ImportId"":""DeviceIdentifier""}"
2022-04-11 09:42:59,2022-04-11 09:44:17,IP Address,99.102.102.198,100,78,True,2022-04-11 09:44:18,R_2aIWq5bBpI8Zr4w,,,,,27.589202880859375,-80.4004974365234375,anonymous,EN,I consent to taking part in this survey.,5e07d174da6bad1342bafab2,8.594,13.151,16.137,2,85,4,5,Evacuate to a hotel up north paying at least $150 per night.,10.606,24.114,24.904,3,7,,110,10,38,Male,32962,Yes,2880481,5e07d174da6bad1342bafab2,Vero Beach,FL,
2022-04-11 09:42:57,2022-04-11 09:44:53,IP Address,174.203.37.239,100,116,True,2022-04-11 09:44:53,R_1GIy4Aqft7H75XX,,,,,30.450897216796875,-91.15630340576171875,anonymous,EN,I consent to taking part in this survey.,56e130548b1c33000a388671,15.052,23.019,23.696,3,125,15,7,Stay in your apartment on the third floor and ride out the storm.,6.053,18.172,18.929,3,,8,140,18,28,Male,32565,Yes,9892312,56e130548b1c33000a388671,Jay,FL,
2022-04-11 09:43:14,2022-04-11 09:44:55,IP Address,47.199.64.90,100,100,True,2022-04-11 09:44:55,R_eqW9MNVhKf5VheN,,,,,27.3253936767578125,-82.473297119140625,anonymous,EN,I consent to taking part in this survey.,5baac103748f990001a1101e,24.964,33.307,34.16,2,94,7,5,Stay in your apartment on the third floor and ride out the storm.,13.542,25.672,26.477,3,,8,129,19,60,Female,34232,Yes,3374135,5baac103748f990001a1101e,Sarasota,FL,
2022-04-11 09:43:11,2022-04-11 09:45:18,IP Address,107.115.159.39,100,126,True,2022-04-11 09:45:18,R_1FzXk5gMwzOPpnd,,,,,28.45379638671875,-81.46739959716796875,anonymous,EN,I consent to taking part in this survey.,60ae54561666056b2558ba4d,4.13,35.102,36.09,5,100,10,2,Stay in your apartment on the third floor and ride out the storm.,11.678,33.014,33.755,5,,6,130,13,38,Male,32907,Yes,1285248,60ae54561666056b2558ba4d,Palm Bay,FL,
2022-04-11 09:43:49,2022-04-11 09:45:19,IP Address,67.9.131.61,100,89,True,2022-04-11 09:45:19,R_0OPABbhSpbZZLB7,,,,,27.7888946533203125,-82.71920013427734375,anonymous,EN,I consent to taking part in this survey.,57027c1f68c641000e0c8970,10.787,13.326,17.22,2,120,12,8,Evacuate to a hotel up north paying at least $150 per night.,7.534,24.187,25.154,4,10,,150,17,43,Female,33710,Yes,7368729,57027c1f68c641000e0c8970,Saint Petersburg,FL,
2022-04-11 09:43:40,2022-04-11 09:45:26,IP Address,67.79.169.226,100,106,True,2022-04-11 09:45:27,R_2COrAhX4MpcG5IL,,,,,27.9906005859375,-82.7454986572265625,anonymous,EN,I consent to taking part in this survey.,546f8a9cfdf99b4a593414ea,20.723,26.579,27.881,4,120,10,3,Stay in your apartment on the third floor and ride out the storm.,11.787,21.643,22.522,4,,3,125,10,53,Male,33755,Yes,2054016,546f8a9cfdf99b4a593414ea,Clearwater,FL,
2022-04-11 09:43:24,2022-04-11 09:45:33,IP Address,71.214.86.58,100,129,True,2022-04-11 09:45:33,R_3nqKFwAkMRVXBXJ,,,,,28.52740478515625,-81.6011962890625,anonymous,EN,I consent to taking part in this survey.,57a2b3e1dcff7d0001c7d0dc,26.494,38.123,38.907,2,140,13,5,Stay in your apartment on the third floor and ride out the storm.,7.881,28.845,29.674,5,,7,141,18,28,Female,34748,Yes,9470705,57a2b3e1dcff7d0001c7d0dc,Leesburg,FL,
2022-04-11 09:44:46,2022-04-11 09:46:19,IP Address,75.115.212.89,100,92,True,2022-04-11 09:46:19,R_22Mlq4BmLkmPg6R,,,,,28.747802734375,-82.499298095703125,anonymous,EN,I consent to taking part in this survey.,5a4bf09053a4560001ba0ebf,1.971,25.051,25.927,6,120,12,5,Stay in your apartment on the third floor and ride out the storm.,2.598,29.549,30.406,11,,7,140,16,34,Male,34429,Yes,9392842,5a4bf09053a4560001ba0ebf,Crystal River,FL,
2022-04-11 09:44:56,2022-04-11 09:46:32,IP Address,76.101.29.69,100,96,True,2022-04-11 09:46:33,R_2dsSdEmsUxiEB5J,,,,,26.5543975830078125,-81.902099609375,anonymous,EN,I consent to taking part in this survey.,5e3adfc595ff562fbdd130fa,15.384,22.808,26.509,3,114,8,9,Evacuate to a hotel up north paying at least $150 per night.,6.73,18.973,22.357,4,10,,136,10,35,Male,33919,Yes,3000455,5e3adfc595ff562fbdd130fa,Fort Myers,FL,
2022-04-11 09:45:09,2022-04-11 09:47:07,IP Address,73.84.237.216,100,117,True,2022-04-11 09:47:07,R_NUU7saUzRRSiBsR,,,,,25.7738037109375,-80.3583984375,anonymous,EN,I consent to taking part in this survey.,5ecd4acdb218ec085c6eefe6,7.4,31.479,31.717,5,120,10,6,Evacuate to a hotel up north paying at least $150 per night.,3.119,15.355,16.521,6,9,,140,16,33,Male,33174,Yes,3099837,5ecd4acdb218ec085c6eefe6,Miami,FL,
2022-04-11 09:45:11,2022-04-11 09:47:23,IP Address,98.48.34.5,100,132,True,2022-04-11 09:47:24,R_2f8sFdx4YGoHSfQ,,,,,35.656494140625,-106.010498046875,anonymous,EN,I consent to taking part in this survey.,5dcae5f05b73eb7c6150d33f,24.834,34.141,35.227,3,90,5,3,Stay in your apartment on the third floor and ride out the storm.,7.938,37.076,38.344,4,,5,140,8,57,Female,87507,Yes,9513093,5dcae5f05b73eb7c6150d33f,Santa Fe,NM,
2022-04-11 09:44:57,2022-04-11 09:47:30,IP Address,71.203.145.3,100,153,True,2022-04-11 09:47:30,R_2axKNRk5g3mkjz9,,,,,30.2230072021484375,-81.75949859619140625,anonymous,EN,I consent to taking part in this survey.,5ac013129534ba0001c7155f,15.676,27.768,29.674,4,150,8,5,Evacuate to a hotel up north paying at least $150 per night.,6.368,40.529,40.84,8,3,,160,10,29,Female,32221,Yes,3718481,5ac013129534ba0001c7155f,Jacksonville,FL,
2022-04-11 09:45:56,2022-04-11 09:47:48,IP Address,99.196.31.145,100,111,True,2022-04-11 09:47:49,R_OjUtQkVLscd34Mp,,,,,38.658294677734375,-77.24810028076171875,anonymous,EN,I consent to taking part in this survey.,5dab320180cabf00168279d7,19.367,21.322,22.022,2,105,10,0,Stay in your apartment on the third floor and ride out the storm.,6.631,25.648,26.577,3,,0,130,14,38,Male,32693,Yes,8061682,5dab320180cabf00168279d7,Trenton,FL,
2022-04-11 09:44:03,2022-04-11 09:48:34,IP Address,184.59.184.90,100,270,True,2022-04-11 09:48:35,R_bsCpYKXdCKrx1Dz,,,,,40.82440185546875,-81.3397979736328125,anonymous,EN,I consent to taking part in this survey.,5758a78d768081000631a322,21.221,28.828,29.992,3,116,6,5,Stay in your apartment on the third floor and ride out the storm.,10.261,26.271,27.239,3,,9,135,10,53,Female,34465,Yes,1791032,5758a78d768081000631a322,Beverly Hills,FL,
2022-04-11 10:10:38,2022-04-11 10:12:01,IP Address,169.139.0.25,100,82,True,2022-04-11 10:12:02,R_2zAsETNi5ZCmnLS,,,,,26.1858062744140625,-80.23999786376953125,anonymous,EN,I consent to taking part in this survey.,610852818a92c4b09b9ae330,15.5,26.407,26.873,7,113,10,7,Evacuate to a hotel up north paying at least $150 per night.,5.518,18.539,19.299,6,8,,135,14,26,Female,33426,Yes,9718742,610852818a92c4b09b9ae330,Boynton Beach,FL,
2022-04-11 10:15:47,2022-04-11 10:16:49,IP Address,35.140.64.127,100,61,True,2022-04-11 10:16:49,R_C2iTjMP6rDSL7rj,,,,,27.704498291015625,-82.43379974365234375,anonymous,EN,I consent to taking part in this survey.,601c2c63f899976cb35c1269,9.456,21.399,22.097,4,120,12,7,Stay in your apartment on the third floor and ride out the storm.,3.991,11.286,12.005,5,,5,115,7,22,Female,33573,Yes,3688613,601c2c63f899976cb35c1269,Sun City Center,FL,
2022-04-11 10:31:50,2022-04-11 10:33:26,IP Address,76.108.3.223,100,95,True,2022-04-11 10:33:26,R_25uzUaYGYntzubo,,,,,25.95849609375,-80.13809967041015625,anonymous,EN,I consent to taking part in this survey.,5c6efe3a04b76500015f9756,23.593,28.42,29.157,2,120,12,5,Stay in your apartment on the third floor and ride out the storm.,11.958,25.496,28.6,3,,7,140,16,30,Male,33180,Yes,6473675,5c6efe3a04b76500015f9756,Miami,FL,
2022-04-11 10:23:18,2022-04-11 10:35:41,IP Address,97.106.231.230,100,742,True,2022-04-11 10:35:42,R_302imZY2KAcXEpx,,,,,27.9091033935546875,-82.80280303955078125,anonymous,EN,I consent to taking part in this survey.,5e4af801951a1801208e7cac,255.157,348.48,375.462,4,120,12,6,Evacuate to a hotel up north paying at least $150 per night.,60.421,116.219,121.167,6,8,,141,16,77,Female,33770,Yes,8407169,5e4af801951a1801208e7cac,Largo,FL,
2022-04-11 10:36:32,2022-04-11 10:38:44,IP Address,172.58.175.248,100,132,True,2022-04-11 10:38:45,R_R2fkOm5J5oUrJ1D,,,,,28.5435943603515625,-81.37380218505859375,anonymous,EN,I consent to taking part in this survey.,5f9c99dc06f5f916e9547c10,5.85,49.535,50.424,13,130,11,7,Stay in your apartment on the third floor and ride out the storm.,4.786,26.851,27.305,14,,9,140,15,19,Female,32962,Yes,9979234,5f9c99dc06f5f916e9547c10,Vero Beach,FL,
2022-04-11 10:36:30,2022-04-11 10:39:09,IP Address,104.181.34.197,100,158,True,2022-04-11 10:39:10,R_AbpVP9SyBiwNOy5,,,,,26.0670928955078125,-80.27680206298828125,anonymous,EN,I consent to taking part in this survey.,5de55783e520274db68ca01c,26.671,36.582,41.672,2,110,14,6,Stay in your apartment on the third floor and ride out the storm.,14.798,40.899,50,4,,8,130,16,34,Male,33021,Yes,7331890,5de55783e520274db68ca01c,Hollywood,FL,
2022-04-11 10:38:09,2022-04-11 10:40:03,IP Address,174.58.9.38,100,113,True,2022-04-11 10:40:03,R_3ehuixD1vKT0XRT,,,,,27.326904296875,-82.54329681396484375,anonymous,EN,I consent to taking part in this survey.,61009b8d84bfd7086deec45a,32.966,38.471,39.99,2,99,15,5,Stay in your apartment on the third floor and ride out the storm.,14.986,35.801,39.212,4,,5,119,15,52,Female,34235,Yes,7369820,61009b8d84bfd7086deec45a,Sarasota,FL,
2022-04-11 10:56:40,2022-04-11 10:58:25,IP Address,73.0.124.209,100,105,True,2022-04-11 10:58:26,R_1FyMzPAZdp1WgFB,,,,,27.2621002197265625,-80.3834991455078125,anonymous,EN,I consent to taking part in this survey.,5c574d3f53fba80001bd302e,27.936,37.004,38.062,5,110,5,5,Stay in your apartment on the third floor and ride out the storm.,8.367,12.973,13.911,3,,6,120,8,31,Female,34953,Yes,8175993,5c574d3f53fba80001bd302e,Port Saint Lucie,FL,
2022-04-11 10:57:28,2022-04-11 10:59:24,IP Address,73.85.113.5,100,116,True,2022-04-11 10:59:25,R_10q4PXFxK2SAhrz,,,,,26.0619964599609375,-80.33679962158203125,anonymous,EN,I consent to taking part in this survey.,566c9284d408ea000519c6d7,14.202,38.878,44.911,5,150,12,2,Stay in your apartment on the third floor and ride out the storm.,8.503,33.12,34.913,6,,7,160,16,32,Male,33330,Yes,5376099,566c9284d408ea000519c6d7,Fort Lauderdale,FL,
2022-04-11 11:06:57,2022-04-11 11:09:08,IP Address,132.170.209.233,100,130,True,2022-04-11 11:09:08,R_2dsbV0pkXZoldgv,,,,,28.6613006591796875,-81.11519622802734375,anonymous,EN,I consent to taking part in this survey.,610c211d64abd9ee4914b7f8,45.619,48.786,49.559,2,115,10,7,Evacuate to a hotel up north paying at least $150 per night.,15.856,25.968,26.979,3,10,,130,18,21,Female,32826,Yes,1598061,610c211d64abd9ee4914b7f8,Orlando,FL,
2022-04-11 11:07:00,2022-04-11 11:09:59,IP Address,73.55.5.13,100,179,True,2022-04-11 11:09:59,R_2e8UUv0EAgJXVPC,,,,,27.2400054931640625,-82.47550201416015625,anonymous,EN,I consent to taking part in this survey.,5b3e57b3c2e381000175e656,32.68,65.014,66.737,3,120,12,5,Stay in your apartment on the third floor and ride out the storm.,19.208,37.941,39.454,4,,7,140,16,67,Male,34231,Yes,4023434,5b3e57b3c2e381000175e656,Sarasota,FL,
2022-04-11 11:10:33,2022-04-11 11:13:50,IP Address,198.136.190.254,100,197,True,2022-04-11 11:13:51,R_1IFPeA61Jxgde3O,,,,,28.515594482421875,-81.35739898681640625,anonymous,EN,I consent to taking part in this survey.,614e088cf42a096eee875324,71.511,84.377,85.401,3,150,20,9,Evacuate to a hotel up north paying at least $150 per night.,38.54,59.246,60.669,5,7,,160,24,34,Male,34761,Yes,2161554,614e088cf42a096eee875324,Ocoee,FL,
2022-04-11 11:27:13,2022-04-11 11:28:12,IP Address,169.139.19.117,100,58,True,2022-04-11 11:28:12,R_2rvAhMRuIYGlIbv,,,,,25.69580078125,-80.36260223388671875,anonymous,EN,I consent to taking part in this survey.,5765c0fcf2e23200017ded5e,4.314,14.89,15.552,4,118,8,5,Stay in your apartment on the third floor and ride out the storm.,5.2,13.136,13.804,5,,5,148,14,30,Male,33155,Yes,5535041,5765c0fcf2e23200017ded5e,Miami,FL,
2022-04-11 11:26:58,2022-04-11 11:30:12,IP Address,70.188.244.120,100,193,True,2022-04-11 11:30:12,R_27vUQf92KfO0KXv,,,,,30.7772979736328125,-86.4832000732421875,anonymous,EN,I consent to taking part in this survey.,58cd449293499d00013488fe,23.743,48.474,51.158,2,125,12,10,Evacuate to a hotel up north paying at least $150 per night.,8.96,45.389,54.362,3,10,,140,18,59,Male,32539,Yes,9871192,58cd449293499d00013488fe,Crestview,FL,
2022-04-11 11:34:56,2022-04-11 11:37:04,IP Address,104.136.34.29,100,127,True,2022-04-11 11:37:05,R_2bHmpKEoP0W7kMQ,,,,,28.7935028076171875,-81.28679656982421875,anonymous,EN,I consent to taking part in this survey.,5ff1fd761d6cb468718cdbeb,11.275,39.847,40.744,8,105,8,4,Stay in your apartment on the third floor and ride out the storm.,0.752,35.353,36.379,13,,8,135,15,51,Female,32771,Yes,7305600,5ff1fd761d6cb468718cdbeb,Sanford,FL,
2022-04-11 11:35:56,2022-04-11 11:37:11,IP Address,97.106.14.33,100,74,True,2022-04-11 11:37:11,R_1hNoUC6ZEQQ9kJT,,,,,28.195098876953125,-81.606201171875,anonymous,EN,I consent to taking part in this survey.,5e48122927eb23000af799c7,18.134,23.511,24.323,2,107,6,6,Evacuate to a hotel up north paying at least $150 per night.,6.52,14.673,15.839,5,5,,102,7,45,Female,33897,Yes,1437796,5e48122927eb23000af799c7,Davenport,FL,
2022-04-11 11:34:30,2022-04-11 11:37:12,IP Address,107.72.178.201,100,162,True,2022-04-11 11:37:12,R_215jticUALDzN3s,,,,,25.829498291015625,-80.29270172119140625,anonymous,EN,I consent to taking part in this survey.,5c6f64cdcacbc8000113ed19,9.485,41.641,42.843,14,101,4,1,Stay in your apartment on the third floor and ride out the storm.,1.628,53.824,54.49,22,,2,82,5,55,Female,32967,Yes,6259570,5c6f64cdcacbc8000113ed19,Vero Beach,FL,
2022-04-11 11:36:45,2022-04-11 11:39:05,IP Address,97.96.16.96,100,139,True,2022-04-11 11:39:05,R_3OdC0BUIaJaPTUO,,,,,28.0791015625,-82.52449798583984375,anonymous,EN,I consent to taking part in this survey.,6123d102b713b8a947fd2eb2,26.542,34.224,37.92,3,115,10,5,Stay in your apartment on the third floor and ride out the storm.,23.315,47.785,49.636,5,,5,135,15,49,Male,33618,Yes,8998012,6123d102b713b8a947fd2eb2,Tampa,FL,
2022-04-11 11:44:46,2022-04-11 11:46:04,IP Address,73.42.73.106,100,77,True,2022-04-11 11:46:04,R_25vD2M89ttPXvyb,,,,,28.927398681640625,-81.981903076171875,anonymous,EN,I consent to taking part in this survey.,5b6259be5256470001bd0c6d,14.604,22.293,23.085,2,122,8,6,Evacuate to a hotel up north paying at least $150 per night.,9.493,18.194,21.046,7,8,,135,13,35,Male,32162,Yes,5714228,5b6259be5256470001bd0c6d,The Villages,FL,
2022-04-11 11:44:13,2022-04-11 11:46:19,IP Address,184.180.54.78,100,126,True,2022-04-11 11:46:19,R_3PTP85zshQc0K2R,,,,,30.4235992431640625,-87.22609710693359375,anonymous,EN,I consent to taking part in this survey.,6100c54397a1d59951d78b63,22.614,26.278,37.069,2,150,12,10,Evacuate to a hotel up north paying at least $150 per night.,21.699,45.83,46.491,3,10,,160,16,27,Female,32507,Yes,9835902,6100c54397a1d59951d78b63,Pensacola,FL,
2022-04-11 11:47:08,2022-04-11 11:47:45,IP Address,209.251.157.146,100,37,True,2022-04-11 11:47:46,R_2xMjZVMfdhVyXqd,,,,,29.6824951171875,-82.36060333251953125,anonymous,EN,I consent to taking part in this survey.,59ea4e1116ecc200016ff81e,3.768,5.26,5.927,2,123,10,6,Stay in your apartment on the third floor and ride out the storm.,3.396,6.986,7.691,3,,7,130,19,33,Male,32608,Yes,5829353,59ea4e1116ecc200016ff81e,Gainesville,FL,
2022-04-11 11:46:29,2022-04-11 11:48:46,IP Address,66.177.75.183,100,136,True,2022-04-11 11:48:46,R_1g2sJGdztn2ogIb,,,,,30.351104736328125,-81.5059967041015625,anonymous,EN,I consent to taking part in this survey.,607ec99a0e2f8caf3de9f839,27.692,34.263,35.72,2,100,5,3,Stay in your apartment on the third floor and ride out the storm.,22.348,51.438,52.667,3,,5,120,10,50,Female,32225,Yes,9515014,607ec99a0e2f8caf3de9f839,Jacksonville,FL,
2022-04-11 11:48:53,2022-04-11 11:50:30,IP Address,208.76.137.177,100,96,True,2022-04-11 11:50:30,R_RkQHh7kCXOMli5H,,,,,26.377105712890625,-81.7333984375,anonymous,EN,I consent to taking part in this survey.,5cf7df5a8e098100184cbf43,19.701,32.372,34.027,6,120,13,7,Evacuate to a hotel up north paying at least $150 per night.,9.69,22.565,23.735,6,7,,140,17,31,Male,33908,Yes,1601092,5cf7df5a8e098100184cbf43,Fort Myers,FL,
2022-04-11 11:49:56,2022-04-11 11:53:52,IP Address,99.135.26.74,100,236,True,2022-04-11 11:53:53,R_PSNFdLoZOteoTFT,,,,,26.1522064208984375,-80.31529998779296875,anonymous,EN,I consent to taking part in this survey.,5db3471c116235000e419784,2.345,69.408,71.115,5,110,8,9,Evacuate to a hotel up north paying at least $150 per night.,2.747,44.906,46.271,7,10,,130,15,41,Male,33351,Yes,3768974,5db3471c116235000e419784,Fort Lauderdale,FL,
2022-04-11 11:51:02,2022-04-11 11:54:30,IP Address,23.125.45.101,100,208,True,2022-04-11 11:54:30,R_2OTNa9RbVRPjDyD,,,,,25.533294677734375,-80.39730072021484375,anonymous,EN,I consent to taking part in this survey.,6017ee441e8f20aa1fbfb114,50.589,92.328,94.181,4,120,15,5,Stay in your apartment on the third floor and ride out the storm.,12.115,34.28,43.266,3,,7,140,20,26,Male,33032,Yes,7840946,6017ee441e8f20aa1fbfb114,Homestead,FL,
2022-04-11 11:51:25,2022-04-11 11:55:28,IP Address,97.103.161.84,100,243,True,2022-04-11 11:55:29,R_12gysBShLuO8WJm,,,,,28.33270263671875,-80.6147003173828125,anonymous,EN,I consent to taking part in this survey.,5825dc1f7fcbaa000134776e,38.436,86.804,87.834,8,120,12,5,Stay in your apartment on the third floor and ride out the storm.,20.5,50.668,52.067,7,,7,140,18,62,Male,32920,Yes,6533210,5825dc1f7fcbaa000134776e,Cape Canaveral,FL,
2022-04-11 11:53:56,2022-04-11 11:57:09,IP Address,172.58.174.133,100,193,True,2022-04-11 11:57:10,R_3dLC3TAitI8L81l,,,,,28.5177001953125,-81.45079803466796875,anonymous,EN,I consent to taking part in this survey.,5c0ea3d30fcb7c0001eab0d8,11.388,77.937,79.251,37,117,10,7,Stay in your apartment on the third floor and ride out the storm.,0.854,64.501,65.596,49,,8,138,14,49,Female,34471,Yes,4151712,5c0ea3d30fcb7c0001eab0d8,Ocala,FL,
2022-04-11 11:56:51,2022-04-11 11:58:50,IP Address,162.201.186.55,100,118,True,2022-04-11 11:58:50,R_AHDUvpSJrRmvTLX,,,,,25.9842987060546875,-80.21489715576171875,anonymous,EN,I consent to taking part in this survey.,5ea25b82a46065174c689daa,10.979,26.127,26.956,10,110,5,4,Stay in your apartment on the third floor and ride out the storm.,7.823,22.928,23.846,6,,7,126,12,52,Male,33021,Yes,7328080,5ea25b82a46065174c689daa,Hollywood,FL,
2022-04-11 11:57:53,2022-04-11 11:59:57,IP Address,75.91.81.4,100,124,True,2022-04-11 11:59:57,R_W6vT2QcECPGOInf,,,,,29.8096923828125,-82.467498779296875,anonymous,EN,I consent to taking part in this survey.,616c9115b3a3d2f885822a57,9.619,18.447,24.49,5,120,12,7,Evacuate to a hotel up north paying at least $150 per night.,12.147,27.806,31.073,3,5,,140,16,36,Male,32148,Yes,2201216,616c9115b3a3d2f885822a57,Interlachen,FL,
2022-04-11 11:56:39,2022-04-11 12:01:01,IP Address,108.189.77.83,100,262,True,2022-04-11 12:01:02,R_24MdXPPyxzvR7Tp,,,,,28.3887939453125,-80.7301025390625,anonymous,EN,I consent to taking part in this survey.,5ea768015e4ac615300743fc,15.026,185.935,187.031,3,112,10,5,Stay in your apartment on the third floor and ride out the storm.,10.209,26.862,28.1,5,,8,140,17,31,Female,32935,Yes,7517301,5ea768015e4ac615300743fc,Melbourne,FL,
2022-04-11 11:55:50,2022-04-11 12:01:46,IP Address,35.140.35.251,100,356,True,2022-04-11 12:01:46,R_6AvoZMg0OjM4PE5,,,,,27.542999267578125,-82.56020355224609375,anonymous,EN,I consent to taking part in this survey.,60a2b9a6ad671cebb06f2b0d,61.77,91.202,108.384,5,125,10,7,Evacuate to a hotel up north paying at least $150 per night.,40.078,153.07,168.087,11,7,,150,15,92,Female,34222,Yes,4108153,60a2b9a6ad671cebb06f2b0d,Ellenton,FL,
2022-04-11 12:00:04,2022-04-11 12:02:30,IP Address,69.130.100.160,100,145,True,2022-04-11 12:02:30,R_3m3JOe2jfjiwLQO,,,,,30.6797027587890625,-84.82830047607421875,anonymous,EN,I consent to taking part in this survey.,60fcec18d6375fa348df55f8,8.202,44.655,45.773,9,135,8,7,Stay in your apartment on the third floor and ride out the storm.,4.844,33.929,37.183,7,,10,140,10,43,Female,32351,Yes,4435117,60fcec18d6375fa348df55f8,Quincy,FL,
2022-04-11 12:00:43,2022-04-11 12:02:37,IP Address,71.47.143.10,100,114,True,2022-04-11 12:02:37,R_V3alJNJ7KOCuBA5,,,,,28.529998779296875,-81.4806976318359375,anonymous,EN,I consent to taking part in this survey.,5c365b5e8821900001b3876c,9.388,21.271,22.446,4,104,7,6,Evacuate to a hotel up north paying at least $150 per night.,6.848,40.86,41.968,7,5,,100,12,61,Female,32836,Yes,6065491,5c365b5e8821900001b3876c,Orlando,FL,
2022-04-11 11:59:31,2022-04-11 12:03:48,IP Address,73.85.218.115,100,256,True,2022-04-11 12:03:48,R_4PccFBb09e5tkyd,,,,,25.9822998046875,-80.1405029296875,anonymous,EN,I consent to taking part in this survey.,60051d10e63710373daee6e7,8.019,10.943,11.816,2,135,16,8,Stay in your apartment on the third floor and ride out the storm.,5.426,19.938,21.171,4,,9,150,18,33,Female,33020,Yes,3685640,60051d10e63710373daee6e7,Hollywood,FL,
2022-04-11 12:02:35,2022-04-11 12:04:35,IP Address,76.101.188.3,100,120,True,2022-04-11 12:04:35,R_UGRtJhMZL5vrgLD,,,,,26.2519073486328125,-81.76360321044921875,anonymous,EN,I consent to taking part in this survey.,5c1f02a310677f0001da17b8,21.886,31.774,33.161,2,110,6,8,Stay in your apartment on the third floor and ride out the storm.,17.05,31.302,34.047,5,,8,120,7,65,Female,34105,Yes,9758924,5c1f02a310677f0001da17b8,Naples,FL,
2022-04-11 12:04:27,2022-04-11 12:06:23,IP Address,68.205.224.173,100,115,True,2022-04-11 12:06:23,R_3ltQ7mly5z3i5ei,,,,,28.5977935791015625,-81.302398681640625,anonymous,EN,I consent to taking part in this survey.,5d75af57bcfd5b001b192708,12.052,46.189,47.521,7,95,6,4,Stay in your apartment on the third floor and ride out the storm.,7.538,13.111,14.117,4,,5,101,8,67,Female,32792,Yes,9053486,5d75af57bcfd5b001b192708,Winter Park,FL,
2022-04-11 12:05:01,2022-04-11 12:06:48,IP Address,69.65.91.231,100,106,True,2022-04-11 12:06:48,R_2zPcFQSiaqgCTJD,,,,,26.2729034423828125,-80.26000213623046875,anonymous,EN,I consent to taking part in this survey.,611e7207aaf352cb4c807e78,2.334,11.416,12.092,4,110,8,6,Stay in your apartment on the third floor and ride out the storm.,30.685,46.213,46.455,10,,7,130,12,35,Male,33071,Yes,7848075,611e7207aaf352cb4c807e78,Pompano Beach,FL,
2022-04-11 12:05:38,2022-04-11 12:07:25,IP Address,99.69.210.177,100,106,True,2022-04-11 12:07:25,R_1H8FesVa2DRVWhK,,,,,30.0110015869140625,-81.410797119140625,anonymous,EN,I consent to taking part in this survey.,5cd99e9a9da2970001a039b5,12.515,23.871,24.736,5,97,6,0,Stay in your apartment on the third floor and ride out the storm.,4.769,21.385,22.389,6,,1,101,6,35,Female,32084,Yes,5462049,5cd99e9a9da2970001a039b5,Saint Augustine,FL,
2022-04-11 12:06:20,2022-04-11 12:08:01,IP Address,24.129.4.23,100,100,True,2022-04-11 12:08:01,R_sFq88mmRHJh6NSF,,,,,30.2801055908203125,-81.41649627685546875,anonymous,EN,I consent to taking part in this survey.,5e4570990fe9b405dc31479e,26.056,29.801,30.593,2,90,9,8,Evacuate to a hotel up north paying at least $150 per night.,4.955,20.611,21.511,5,9,,116,10,40,Female,32250,Yes,8089324,5e4570990fe9b405dc31479e,Jacksonville Beach,FL,
2022-04-11 12:05:56,2022-04-11 12:08:11,IP Address,173.22.25.143,100,134,True,2022-04-11 12:08:11,R_1DpaOEo7a1vZvps,,,,,29.7494964599609375,-84.81620025634765625,anonymous,EN,I consent to taking part in this survey.,5fb13091b87dfd5888f73e05,34.879,48.41,49.963,3,129,11,7,Evacuate to a hotel up north paying at least $150 per night.,10.55,27.038,27.93,3,8,,145,15,55,Female,32401,Yes,3563526,5fb13091b87dfd5888f73e05,Panama City,FL,
2022-04-11 12:06:01,2022-04-11 12:08:25,IP Address,98.203.85.252,100,144,True,2022-04-11 12:08:26,R_BWVeYyegewIHeGR,,,,,27.2913055419921875,-80.297698974609375,anonymous,EN,I consent to taking part in this survey.,611b8f8d34b5aed647a248e3,34.901,45.916,47.49,3,125,14,10,Evacuate to a hotel up north paying at least $150 per night.,17.069,37.66,38.657,5,10,,150,20,48,Male,34952,Yes,7536222,611b8f8d34b5aed647a248e3,Port Saint Lucie,FL,
2022-04-11 12:02:13,2022-04-11 12:09:57,IP Address,108.218.84.125,100,463,True,2022-04-11 12:09:57,R_1rf5K9UwImUyo62,,,,,26.282196044921875,-80.1156005859375,anonymous,EN,I consent to taking part in this survey.,5c52f898110c55000144bf18,3.501,29.89,31.019,7,122,10,8,Stay in your apartment on the third floor and ride out the storm.,4.09,17.199,18.301,6,,10,142,16,39,Female,33062,Yes,4619389,5c52f898110c55000144bf18,Pompano Beach,FL,
2022-04-11 12:10:28,2022-04-11 12:11:24,IP Address,73.244.232.214,100,55,True,2022-04-11 12:11:25,R_22lvmCE4lprVgAz,,,,,26.0619964599609375,-80.33679962158203125,anonymous,EN,I consent to taking part in this survey.,5ac43d51a3ba7a0001b498d0,3.415,9.659,10.484,4,115,16,3,Stay in your apartment on the third floor and ride out the storm.,4.984,18.158,18.983,8,,3,119,18,37,Male,33332,Yes,2656933,5ac43d51a3ba7a0001b498d0,Fort Lauderdale,FL,
2022-04-11 11:51:58,2022-04-11 12:14:49,IP Address,68.59.103.117,100,1371,True,2022-04-11 12:14:50,R_2TIbOtxgnbSS8rm,,,,,30.165496826171875,-85.71160125732421875,anonymous,EN,I consent to taking part in this survey.,5e35a96ecf931055fb891c54,39.955,1172.455,1174.014,9,115,17,5,Stay in your apartment on the third floor and ride out the storm.,10.863,46.887,49.026,8,,6,140,16,41,Female,32408,Yes,3723157,5e35a96ecf931055fb891c54,Panama City,FL,
2022-04-11 12:22:42,2022-04-11 12:24:02,IP Address,73.21.245.36,100,80,True,2022-04-11 12:24:04,R_zVFUjZD3P3yJuqB,,,,,29.105194091796875,-82.09549713134765625,anonymous,EN,I consent to taking part in this survey.,5dbc46b70338051eb7999760,14.537,16.53,18.333,2,86,8,5,Stay in your apartment on the third floor and ride out the storm.,11.247,17.512,18.691,3,,8,106,10,44,Female,34491,Yes,6404418,5dbc46b70338051eb7999760,Summerfield,FL,
2022-04-11 12:21:53,2022-04-11 12:24:35,IP Address,76.17.18.99,100,161,True,2022-04-11 12:24:35,R_1FyPaO3MNkdAYD6,,,,,33.7173004150390625,-84.478302001953125,anonymous,EN,I consent to taking part in this survey.,5ed7b5af65b9ae09f16de102,27.811,36.228,37.121,2,115,7,3,Stay in your apartment on the third floor and ride out the storm.,11.63,23.226,23.921,3,,3,126,14,41,Male,30311,Yes,3017856,5ed7b5af65b9ae09f16de102,Atlanta,GA,
2022-04-11 12:24:15,2022-04-11 12:26:42,IP Address,47.199.168.110,100,146,True,2022-04-11 12:26:43,R_3lK3A1JPlWoYZcm,,,,,28.082305908203125,-82.72969818115234375,anonymous,EN,I consent to taking part in this survey.,5e74f18520ab35040b41d526,43.292,50.48,52.015,2,120,15,10,Evacuate to a hotel up north paying at least $150 per night.,11.451,38.081,39.526,3,10,,140,20,56,Female,34683,Yes,2768449,5e74f18520ab35040b41d526,Palm Harbor,FL,
2022-04-11 12:24:30,2022-04-11 12:27:00,IP Address,68.63.20.185,100,150,True,2022-04-11 12:27:01,R_12bVaWwQN4gapf7,,,,,30.4907989501953125,-84.31580352783203125,anonymous,EN,I consent to taking part in this survey.,568c67547374ad000cc7448c,7.067,31.64,34.192,4,120,12,4,Stay in your apartment on the third floor and ride out the storm.,13.497,21.459,27.158,7,,8,140,16,39,Male,32303,Yes,5771586,568c67547374ad000cc7448c,Tallahassee,FL,
2022-04-11 12:19:07,2022-04-11 12:27:02,IP Address,73.57.249.179,100,474,True,2022-04-11 12:27:03,R_2zvZceouuDcRzKK,,,,,26.93499755859375,-80.1177978515625,anonymous,EN,I consent to taking part in this survey.,59c6305e6a287600011c388d,362.702,365.34,365.987,2,97,5,3,Stay in your apartment on the third floor and ride out the storm.,68.342,71.839,72.448,3,,6,118,7,28,Male,33477,Yes,9717423,59c6305e6a287600011c388d,Jupiter,FL,
2022-04-11 12:27:22,2022-04-11 12:30:06,IP Address,164.68.148.49,100,164,True,2022-04-11 12:30:07,R_1DS8O5BYeaI3IlX,,,,,26.5330963134765625,-80.142303466796875,anonymous,EN,I consent to taking part in this survey.,5e4915503f7dd939f72a73f8,26.481,58.878,60.31,6,110,10,3,Stay in your apartment on the third floor and ride out the storm.,12.046,51.495,52.258,16,,4,130,10,64,Female,33437,Yes,4608436,5e4915503f7dd939f72a73f8,Boynton Beach,FL,
2022-04-11 12:28:58,2022-04-11 12:30:47,IP Address,96.58.110.13,100,109,True,2022-04-11 12:30:48,R_3CITMs1mc5U6Met,,,,,28.0406036376953125,-82.39510345458984375,anonymous,EN,I consent to taking part in this survey.,5feccdbdc92395ec2cc2a4a0,22.984,35.12,37.199,2,100,10,5,Stay in your apartment on the third floor and ride out the storm.,18.5,35.881,37.016,3,,6,125,18,27,Male,33637,Yes,1058196,5feccdbdc92395ec2cc2a4a0,Tampa,FL,
2022-04-11 12:29:24,2022-04-11 12:31:46,IP Address,155.31.53.59,100,142,True,2022-04-11 12:31:47,R_1BOJMEFOi3WvYfD,,,,,29.2006988525390625,-81.0388031005859375,anonymous,EN,I consent to taking part in this survey.,610c5604e6d264af67c0dd99,1.649,30.746,31.522,11,100,10,5,Stay in your apartment on the third floor and ride out the storm.,0.753,34.579,35.172,22,,8,120,15,22,Female,34761,Yes,3316190,610c5604e6d264af67c0dd99,Ocoee,FL,
2022-04-11 12:31:35,2022-04-11 12:33:38,IP Address,76.26.172.197,100,122,True,2022-04-11 12:33:38,R_2VDyvC9tThETYd4,,,,,27.4510040283203125,-80.33570098876953125,anonymous,EN,I consent to taking part in this survey.,5b9bca2b948c2c0001fb01e0,22.98,26.376,27.232,2,90,5,6,Evacuate to a hotel up north paying at least $150 per night.,12.276,22.332,23.171,3,7,,120,11,36,Male,34981,Yes,4217137,5b9bca2b948c2c0001fb01e0,Fort Pierce,FL,
2022-04-11 12:32:24,2022-04-11 12:34:01,IP Address,50.89.142.23,100,96,True,2022-04-11 12:34:01,R_plT7OZSIRvQ4efD,,,,,28.3773956298828125,-81.1887969970703125,anonymous,EN,I consent to taking part in this survey.,5e842a0eb85d4718ea8a6256,18.642,27.834,31.182,4,122,5,4,Evacuate to a hotel up north paying at least $150 per night.,8.921,26.263,27.636,3,8,,141,8,64,Male,32832,Yes,4864095,5e842a0eb85d4718ea8a6256,Orlando,FL,
2022-04-11 12:33:07,2022-04-11 12:34:24,IP Address,108.16.220.219,100,77,True,2022-04-11 12:34:25,R_1Io5nisgYoAaeuy,,,,,40.057403564453125,-75.401702880859375,anonymous,EN,I consent to taking part in this survey.,58f3760092ac81000154f8af,10.765,18.062,18.412,4,120,10,3,Stay in your apartment on the third floor and ride out the storm.,7.817,22.532,23.142,5,,7,135,18,29,Male,33498,Yes,6527194,58f3760092ac81000154f8af,Boca Raton,FL,
2022-04-11 12:28:27,2022-04-11 12:34:33,IP Address,104.183.119.52,100,365,True,2022-04-11 12:34:33,R_2YJIRqmUQmFBPzI,,,,,28.5464019775390625,-81.2584991455078125,anonymous,EN,I consent to taking part in this survey.,5f74fd83ed11b81620baf105,116.759,144.065,144.806,14,107,6,6,Stay in your apartment on the third floor and ride out the storm.,0.75,22.773,23.446,15,,8,127,7,32,Female,32826,Yes,1844297,5f74fd83ed11b81620baf105,Orlando,FL,
2022-04-11 12:32:37,2022-04-11 12:34:33,IP Address,35.141.144.141,100,116,True,2022-04-11 12:34:33,R_1BrRu0F8E79fWGR,,,,,28.141204833984375,-82.59310150146484375,anonymous,EN,I consent to taking part in this survey.,5dd2c9f2c925a82e5167ef8b,19.858,27.859,29.366,3,103,10,5,Evacuate to a hotel up north paying at least $150 per night.,12.498,29.056,31.501,4,6,,125,14,60,Male,33558,Yes,3452900,5dd2c9f2c925a82e5167ef8b,Lutz,FL,
2022-04-11 12:34:27,2022-04-11 12:36:35,IP Address,98.21.92.218,100,128,True,2022-04-11 12:36:36,R_1JL19ZxPMU0qcxA,,,,,29.9207000732421875,-82.687896728515625,anonymous,EN,I consent to taking part in this survey.,5ea89d0c5a0a9c12978f8263,31.128,38.205,52.59,2,120,15,5,Evacuate to a hotel up north paying at least $150 per night.,12.15,26.592,28.105,4,7,,160,20,37,Male,32605,Yes,6969011,5ea89d0c5a0a9c12978f8263,Gainesville,FL,
2022-04-11 12:33:57,2022-04-11 12:37:49,IP Address,66.229.112.109,100,232,True,2022-04-11 12:37:49,R_3lDk8NHRc0UvSDr,,,,,26.268096923828125,-80.209197998046875,anonymous,EN,I consent to taking part in this survey.,6037d2f09e6b6400088c0450,2.534,79.091,79.922,13,130,23,7,Evacuate to a hotel up north paying at least $150 per night.,7.661,100.368,100.95,13,8,,125,19,19,Male,33068,Yes,3462923,6037d2f09e6b6400088c0450,Pompano Beach,FL,
2022-04-11 12:27:03,2022-04-11 12:39:12,IP Address,142.197.229.140,100,728,True,2022-04-11 12:39:12,R_ZK046cr3SiLkk4F,,,,,29.5554046630859375,-81.220703125,anonymous,EN,I consent to taking part in this survey.,608c8a30f56774708f1481d1,43.841,57.799,58.519,2,115,7,3,Stay in your apartment on the third floor and ride out the storm.,5.7,36.241,36.9,4,,7,130,10,32,Female,32164,Yes,8261625,608c8a30f56774708f1481d1,Palm Coast,FL,
2022-04-11 12:38:50,2022-04-11 12:41:23,IP Address,72.189.139.13,100,152,True,2022-04-11 12:41:24,R_2D79a0DML0UIPEG,,,,,28.52740478515625,-81.6011962890625,anonymous,EN,I consent to taking part in this survey.,5e89fdffad009e010e958ee7,34.219,43.627,47.168,2,80,0,2,Stay in your apartment on the third floor and ride out the storm.,26.494,50.373,51.769,3,,5,100,4,69,Male,34787,Yes,9566391,5e89fdffad009e010e958ee7,Winter Garden,FL,
2022-04-11 12:40:07,2022-04-11 12:42:50,IP Address,72.189.32.159,100,162,True,2022-04-11 12:42:50,R_3QDE18RboGSlSNX,,,,,28.515594482421875,-81.35739898681640625,anonymous,EN,I consent to taking part in this survey.,5b7c877f9dc643000172043d,12.932,16.772,20.885,2,150,8,4,Stay in your apartment on the third floor and ride out the storm.,7.591,16.427,17.068,3,,4,150,9,38,Male,32803,Yes,1016902,5b7c877f9dc643000172043d,Orlando,FL,
2022-04-11 12:44:35,2022-04-11 12:46:05,IP Address,184.88.36.155,100,89,True,2022-04-11 12:46:05,R_AF26fzpSuH4Y1RD,,,,,28.5503997802734375,-81.18329620361328125,anonymous,EN,I consent to taking part in this survey.,61018f595798ed7d1df1222b,12.384,19.136,20.125,5,105,3,1,Stay in your apartment on the third floor and ride out the storm.,13.45,23.585,23.887,5,,2,120,10,20,Female,32828,Yes,7251591,61018f595798ed7d1df1222b,Orlando,FL,
2022-04-11 12:45:34,2022-04-11 12:47:02,IP Address,68.202.25.91,100,88,True,2022-04-11 12:47:02,R_1osSpR38eOJpa90,,,,,28.0160064697265625,-80.672698974609375,anonymous,EN,I consent to taking part in this survey.,6088acc5decc809dbe82850b,10.07,12.778,15.019,4,111,7,7,Stay in your apartment on the third floor and ride out the storm.,12.309,19,20.635,5,,8,133,16,50,Male,32909,Yes,1544049,6088acc5decc809dbe82850b,Palm Bay,FL,
2022-04-11 12:49:16,2022-04-11 12:50:39,IP Address,104.3.177.70,100,82,True,2022-04-11 12:50:40,R_Dq5BSyo4q6NDzi1,,,,,30.3668060302734375,-81.58730316162109375,anonymous,EN,I consent to taking part in this survey.,60ad344265fa9865ff45c0bf,24.34,27.505,31.804,2,120,12,6,Stay in your apartment on the third floor and ride out the storm.,7.97,21.892,22.195,6,,6,140,12,24,Male,34786,Yes,5584436,60ad344265fa9865ff45c0bf,Windermere,FL,
2022-04-11 12:49:18,2022-04-11 12:50:53,IP Address,76.101.170.121,100,94,True,2022-04-11 12:50:53,R_31YowLmDH5XsgnX,,,,,26.4696044921875,-81.813201904296875,anonymous,EN,I consent to taking part in this survey.,5dd438b65a40f24302c09c2d,16.657,24.137,25.38,10,103,6,9,Evacuate to a hotel up north paying at least $150 per night.,14.476,24.65,25.752,7,9,,130,11,55,Male,33967,Yes,6059374,5dd438b65a40f24302c09c2d,Fort Myers,FL,
2022-04-11 12:50:22,2022-04-11 12:52:09,IP Address,73.205.119.246,100,106,True,2022-04-11 12:52:09,R_b9GfJgy23SF8tMt,,,,,26.6641998291015625,-80.1732025146484375,anonymous,EN,I consent to taking part in this survey.,56a3e69d582971000b7b0f4a,30.822,35.884,36.943,2,110,10,2,Stay in your apartment on the third floor and ride out the storm.,10.989,30.231,30.954,3,,8,130,15,25,Male,33602,Yes,9479192,56a3e69d582971000b7b0f4a,Tampa,FL,
2022-04-11 12:51:21,2022-04-11 12:53:38,IP Address,97.102.25.69,100,137,True,2022-04-11 12:53:39,R_2QLpudmW35617LA,,,,,28.902496337890625,-81.2480010986328125,anonymous,EN,I consent to taking part in this survey.,5d36600685d1d50001affacb,8.839,18.911,19.709,5,150,20,9,Evacuate to a hotel up north paying at least $150 per night.,9.044,27.3,28.113,4,10,,141,22,52,Male,32725,Yes,3148363,5d36600685d1d50001affacb,Deltona,FL,
2022-04-11 12:51:35,2022-04-11 12:54:37,IP Address,99.40.165.92,100,181,True,2022-04-11 12:54:37,R_1Cgp9SOxeJxtB4M,,,,,28.902496337890625,-81.2480010986328125,anonymous,EN,I consent to taking part in this survey.,5fc2a0d49893540008bd113f,81.917,87.628,88.656,2,117,11,7,Stay in your apartment on the third floor and ride out the storm.,9.969,25.109,26.476,3,,8,125,12,44,Female,32738,Yes,7001645,5fc2a0d49893540008bd113f,Deltona,FL,
2022-04-11 12:53:39,2022-04-11 12:55:06,IP Address,72.184.71.123,100,87,True,2022-04-11 12:55:07,R_1eL99kAKJwPEtaQ,,,,,28.0699005126953125,-81.810699462890625,anonymous,EN,I consent to taking part in this survey.,600b5d1346cf801f6b4b709e,12.156,16.396,18.969,3,129,12,6,Evacuate to a hotel up north paying at least $150 per night.,9.273,24.262,25.036,9,5,,122,16,27,Female,34747,Yes,3998392,600b5d1346cf801f6b4b709e,Kissimmee,FL,
2022-04-11 12:56:04,2022-04-11 12:57:35,IP Address,68.204.203.243,100,90,True,2022-04-11 12:57:35,R_30xe6jC86hqVNit,,,,,28.52740478515625,-81.6011962890625,anonymous,EN,I consent to taking part in this survey.,571cea664ca277001153c045,1.198,20.086,20.762,8,120,12,6,Evacuate to a hotel up north paying at least $150 per night.,1.802,31.934,32.732,11,9,,140,16,46,Male,34787,Yes,4470017,571cea664ca277001153c045,Winter Garden,FL,
2022-04-11 12:54:08,2022-04-11 12:58:04,IP Address,71.215.213.83,100,236,True,2022-04-11 12:58:04,R_2CPnRT1liA1RDiy,,,,,26.6909027099609375,-81.94830322265625,anonymous,EN,I consent to taking part in this survey.,5eb02a40b17a8c0868685d32,8.925,18.369,20.009,2,93,4,3,Stay in your apartment on the third floor and ride out the storm.,7.197,18.853,19.686,4,,9,124,11,46,Female,33139,Yes,8977861,5eb02a40b17a8c0868685d32,Miami Beach,FL,
2022-04-11 12:43:57,2022-04-11 12:59:35,IP Address,172.58.129.70,100,938,True,2022-04-11 12:59:36,R_yyYdryVIJqRTwXv,,,,,25.829498291015625,-80.29270172119140625,anonymous,EN,I consent to taking part in this survey.,5c2c6e432c45d400014a35e3,23.562,29.385,30.854,3,110,10,1,Stay in your apartment on the third floor and ride out the storm.,18.468,36.145,36.557,4,,1,125,12,39,Male,34994,Yes,6140449,5c2c6e432c45d400014a35e3,Stuart,FL,
2022-04-11 13:01:38,2022-04-11 13:02:51,IP Address,72.83.230.185,100,73,True,2022-04-11 13:02:52,R_1IF9PXtDenS6sgM,,,,,38.8975982666015625,-77.51090240478515625,anonymous,EN,I consent to taking part in this survey.,558cdd7efdf99b0f1cc5f4c1,5.573,13.877,15.026,5,125,13,5,Evacuate to a hotel up north paying at least $150 per night.,1.978,13.245,14.148,8,5,,119,13,28,Female,20152,Yes,2704958,558cdd7efdf99b0f1cc5f4c1,Chantilly,VA,
2022-04-11 13:02:09,2022-04-11 13:03:15,IP Address,71.81.227.245,100,66,True,2022-04-11 13:03:15,R_2vdFxDfw5Ml2GpL,,,,,34.829498291015625,-82.58119964599609375,anonymous,EN,I consent to taking part in this survey.,5cbf5b488be75a0016b49758,9.978,14.232,14.758,3,86,2,2,Stay in your apartment on the third floor and ride out the storm.,2.624,8.074,9.131,4,,3,87,4,41,Male,34953,Yes,1418370,5cbf5b488be75a0016b49758,Port Saint Lucie,FL,
2022-04-11 13:07:17,2022-04-11 13:08:40,IP Address,99.44.131.23,100,83,True,2022-04-11 13:08:41,R_7UHTIAxaRrLW4Lf,,,,,25.658905029296875,-80.3553009033203125,anonymous,EN,I consent to taking part in this survey.,616f47684ddc73c437a74a6c,1.075,18.801,19.602,11,102,8,5,Stay in your apartment on the third floor and ride out the storm.,2.045,25.662,26.327,19,,7,129,16,46,Female,33176,Yes,8879605,616f47684ddc73c437a74a6c,Miami,FL,
2022-04-11 13:10:58,2022-04-11 13:12:05,IP Address,173.27.185.86,100,67,True,2022-04-11 13:12:05,R_31EgiNGyEI4z1kY,,,,,30.400299072265625,-87.02880096435546875,anonymous,EN,I consent to taking part in this survey.,5e8b89d0afcb1606e761ef7f,8.142,13.686,14.393,3,102,10,4,Evacuate to a hotel up north paying at least $150 per night.,6.086,14.828,15.481,3,6,,140,15,33,Male,32563,Yes,7851720,5e8b89d0afcb1606e761ef7f,Gulf Breeze,FL,
2022-04-11 13:10:32,2022-04-11 13:12:23,IP Address,73.23.4.12,100,110,True,2022-04-11 13:12:24,R_C9ucQMoh4sbKnAJ,,,,,26.2519073486328125,-81.76360321044921875,anonymous,EN,I consent to taking part in this survey.,5f5d89dda340225e0c060414,22.988,29.881,31.3,2,110,12,8,Evacuate to a hotel up north paying at least $150 per night.,20.428,34.355,35.757,3,5,,120,12,59,Female,34119,Yes,6034208,5f5d89dda340225e0c060414,Naples,FL,
2022-04-11 13:13:17,2022-04-11 13:15:41,IP Address,12.32.39.36,100,143,True,2022-04-11 13:15:41,R_2Ww1di4NdZTGqJp,,,,,25.666595458984375,-80.40360260009765625,anonymous,EN,I consent to taking part in this survey.,6077498c0c5c112dd55262b8,33.926,48.93,49.982,3,109,7,5,Stay in your apartment on the third floor and ride out the storm.,25.475,39.256,40.277,5,,8,115,12,65,Female,33432,Yes,6476195,6077498c0c5c112dd55262b8,Boca Raton,FL,
2022-04-11 13:13:58,2022-04-11 13:18:30,IP Address,68.202.210.97,100,271,True,2022-04-11 13:18:30,R_10CRKUMxE6ddVR7,,,,,28.5977935791015625,-81.302398681640625,anonymous,EN,I consent to taking part in this survey.,56bb6812bf2129000b53ce26,11.013,21.159,22.592,4,99,6,0,Stay in your apartment on the third floor and ride out the storm.,14.148,23.546,25.14,7,,2,122,10,45,Female,32817,Yes,8897348,56bb6812bf2129000b53ce26,Orlando,FL,
2022-04-11 13:18:35,2022-04-11 13:20:03,IP Address,73.56.210.85,100,88,True,2022-04-11 13:20:03,R_3HB2HA6koz9uzZc,,,,,26.148101806640625,-80.20880126953125,anonymous,EN,I consent to taking part in this survey.,5d1a13a0ae692800192fa1c2,13.342,18.941,19.886,2,109,9,8,Stay in your apartment on the third floor and ride out the storm.,9.694,21.901,23.034,3,,9,122,15,65,Female,33317,Yes,2970728,5d1a13a0ae692800192fa1c2,Fort Lauderdale,FL,
2022-04-11 13:17:23,2022-04-11 13:21:47,IP Address,97.78.138.10,100,263,True,2022-04-11 13:21:48,R_3fqLgtcM24wvePt,,,,,28.1490020751953125,-82.04109954833984375,anonymous,EN,I consent to taking part in this survey.,5ed0091bd374190b9b04045d,0.489,62.092,63.637,44,100,8,6,Stay in your apartment on the third floor and ride out the storm.,0.92,67.535,68.63,64,,7,120,10,30,Male,32210,Yes,8544836,5ed0091bd374190b9b04045d,Jacksonville,FL,
2022-04-11 13:17:22,2022-04-11 13:22:29,IP Address,73.139.225.146,100,307,True,2022-04-11 13:22:30,R_ALrDWfiRjZjfAeR,,,,,26.316497802734375,-80.27480316162109375,anonymous,EN,I consent to taking part in this survey.,5f218ec7604e35564a7ea1ea,45.342,70.137,71.499,4,115,10,8,Evacuate to a hotel up north paying at least $150 per night.,2.969,171.991,172.852,11,8,,140,15,27,Male,33063,Yes,7711186,5f218ec7604e35564a7ea1ea,Pompano Beach,FL,
2022-04-11 13:21:03,2022-04-11 13:23:08,IP Address,108.199.137.43,100,125,True,2022-04-11 13:23:09,R_UxoxGv5nVIiZoUp,,,,,28.57879638671875,-81.43959808349609375,anonymous,EN,I consent to taking part in this survey.,5c4fa169ee5ae100010a2057,16.753,25.045,25.79,2,120,12,8,Stay in your apartment on the third floor and ride out the storm.,14.903,36.614,37.508,3,,10,140,16,41,Male,32805,Yes,1165620,5c4fa169ee5ae100010a2057,Orlando,FL,
2022-04-11 13:23:36,2022-04-11 13:25:05,IP Address,75.145.236.75,100,89,True,2022-04-11 13:25:06,R_27DvoVa3hMO4WHp,,,,,26.9860992431640625,-80.106201171875,anonymous,EN,I consent to taking part in this survey.,61114f1eeb040da68ff70296,18.373,25.861,27.313,2,120,10,7,Stay in your apartment on the third floor and ride out the storm.,9.524,18.483,19.355,3,,9,105,8,34,Female,33455,Yes,7160716,61114f1eeb040da68ff70296,Hobe Sound,FL,
2022-04-11 13:24:53,2022-04-11 13:46:25,IP Address,67.198.79.140,100,1292,True,2022-04-11 13:46:26,R_3jdGCOuUVKdLIol,,,,,30.332794189453125,-97.70050048828125,anonymous,EN,I consent to taking part in this survey.,5d76d2f7daf4bf00164d585b,441.12,449.593,452.276,2,90,4,2,Stay in your apartment on the third floor and ride out the storm.,14.486,25.515,29.519,4,,5,100,6,27,Female,33446,Yes,9375547,5d76d2f7daf4bf00164d585b,Delray Beach,FL,
